Workbook

Sheet Kalibratie
A1: d(cm) | B1: Bx (µT) | C1: By (µT) | D1: Bz (µT) | E1: I (mA) | F1: AF_I | G1: U(V) | H1: Unnamed: 6 | I1: B (magnitude) (µT) | J1: AF_B
A2: 0 | B2: -30 | C2: 80 | D2: 58 | E2: 63.9 | F2: 0.1 | G2: 8 | I2: 103.26665 | J2: 1
A3: 0.5 | B3: -35 | C3: 88 | D3: 55 | E3: 63.9 | F3: 0.1 | G3: 8 | I3: 109.51712 | J3: 1
A4: 1 | B4: -33 | C4: 98 | D4: 58 | E4: 63.9 | F4: 0.1 | G4: 8 | I4: 118.56222 | J4: 1
A5: 1.5 | B5: -33 | C5: 109 | D5: 59 | E5: 63.9 | F5: 0.1 | G5: 8 | I5: 128.26145 | J5: 1
A6: 2 | B6: -31 | C6: 123 | D6: 58 | E6: 63.9 | F6: 0.1 | G6: 8 | I6: 139.4776 | J6: 1
A7: 2.5 | B7: -28 | C7: 142 | D7: 62 | E7: 63.9 | F7: 0.1 | G7: 8 | I7: 157.45476 | J7: 1
A8: 3 | B8: -26 | C8: 163 | D8: 63 | E8: 63.9 | F8: 0.1 | G8: 8 | I8: 176.67484 | J8: 1
A9: 3.5 | B9: -21 | C9: 195 | D9: 64 | E9: 63.9 | F9: 0.1 | G9: 8 | I9: 206.3056 | J9: 1
A10: 4 | B10: -11 | C10: 232 | D10: 67 | E10: 63.9 | F10: 0.1 | G10: 8 | I10: 241.73126 | J10: 1
A11: 4.5 | B11: -5 | C11: 284 | D11: 70 | E11: 63.9 | F11: 0.1 | G11: 8 | I11: 292.5423 | J11: 1
A12: 5 | B12: 2 | C12: 351 | D12: 73 | E12: 63.9 | F12: 0.1 | G12: 8 | I12: 358.51639 | J12: 1
A13: 5.5 | B13: 13 | C13: 444 | D13: 83 | E13: 63.9 | F13: 0.1 | G13: 8 | I13: 451.8783 | J13: 1
... A55: 26.5 | B55: -49 | C55: 81 | D55: 56 | E55: 63.9 | F55: 0.1 | G55: 8 | I55: 109.99091 | J55: 1

Sheet Metingen
A1: Metingnr | B1: Frequentie (Hz) | C1: Stroom (mA) | D1: V_AVG (V) | E1: V_MAX (V) | F1: V_MIN (V) | G1: V_AMPLIT (V)
A2: 1 | B2: 60 | C2: 64.1 | D2: 1.255 | E2: 1.264 | F2: 1.247 | G2: 2.514
A3: 2 | B3: 120 | C3: 64.7 | D3: 1.256 | E3: 1.266 | F3: 1.246 | G3: 2.517
A4: 3 | B4: 360 | C4: 64.1 | D4: 1.25 | E4: 1.26 | F4: 1.24 | G4: 2.518
A5: 4 | B5: 720 | C5: 64 | D5: 1.267 | E5: 1.279 | F5: 1.254 | G5: 2.519
A6: 5 | B6: 1200 | C6: 49.5 | D6: 1.262 | E6: 1.272 | F6: 1.247 | G6: 2.52
A7: 1 | B7: 60 | C7: 57.6 | D7: 1.246 | E7: 1.256 | F7: 1.238 | G7: 2.514
A8: 2 | B8: 120 | C8: 57.4 | D8: 1.253 | E8: 1.262 | F8: 1.244 | G8: 2.514
A9: 3 | B9: 360 | C9: 57.9 | D9: 1.245 | E9: 1.254 | F9: 1.234 | G9: 2.514
A10: 4 | B10: 720 | C10: 57.8 | D10: 1.243 | E10: 1.253 | F10: 1.233 | G10: 2.514
A11: 5 | B11: 1200 | C11: 41.9 | D11: 1.25 | E11: 1.26 | F11: 1.243 | G11: 2.514
A12: 1 | B12: 60 | C12: 77.3 | D12: 1.259 | E12: 1.271 | F12: 1.25 | G12: 2.514
A13: 2 | B13: 120 | C13: 77.1 | D13: 1.27 | E13: 1.281 | F13: 1.259 | G13: 2.514
... A26: 5 | B26: 1200 | C26: 20 | D26: 1.251 | E26: 1.255 | F26: 1.244 | G26: 2.514

Sheet Verwerking
A1: Constantes: | C1: Meting: | D1: Delta V_AC (V) | E1: V_piek = (Delta V_AC)_rms want lockin meet rms (V) | F1: V_CD = V_AVG (V) | G1: Draaihoek (radialen) (=Delta(V_AC)/(2V_DC)) | H1: Draaihoek (graden) (=Delta(V_AC)/(2V_DC)) | I1: schalingsfactor: I/(I_ref) | J1: B_spoel (mT) | K1: B_spoel (T) | L1: Verdet-cste V (rad/Tm) | M1: Verdet (graden/(T*m))
B2: Set 1 | C2: 1 | D2: =Metingen!E2-Metingen!F2 -> 0.017 | E2: =D2/2 -> 0.0085 | F2: =Metingen!D2 -> 1.255 | G2: =E2/(2*F2) -> 0.0033864542 | H2: =G2/PI()*180 -> 0.19402953 | I2: =Metingen!C2/$A$4 -> 1.0031299 | J2: =$A$16*I2 -> 0.81142442 | K2: =J2*10^(-3) -> 0.00081142442 | L2: =G2/(K2*$A$10) -> 20.867342 | M2: =L2/PI()*180 -> 1195.6106
A3: I_referentie (mA) | C3: 2 | D3: =Metingen!E3-Metingen!F3 -> 0.02 | E3: =D3/2 -> 0.01 | F3: =Metingen!D3 -> 1.256 | G3: =E3/(2*F3) -> 0.0039808917 | H3: =G3/PI()*180 -> 0.22808829 | I3: =Metingen!C3/$A$4 -> 1.0125196 | J3: =$A$16*I3 -> 0.81901965 | K3: =J3*10^(-3) -> 0.00081901965 | L3: =G3/(K3*$A$10) -> 24.302785 | M3: =L3/PI()*180 -> 1392.447
A4: 63.9 | C4: 3 | D4: =Metingen!E4-Metingen!F4 -> 0.02 | E4: =D4/2 -> 0.01 | F4: =Metingen!D4 -> 1.25 | G4: =E4/(2*F4) -> 0.004 | H4: =G4/PI()*180 -> 0.22918312 | I4: =Metingen!C4/$A$4 -> 1.0031299 | J4: =$A$16*I4 -> 0.81142442 | K4: =J4*10^(-3) -> 0.00081142442 | L4: =G4/(K4*$A$10) -> 24.648013 | M4: =L4/PI()*180 -> 1412.2271
C5: 4 | D5: =Metingen!E5-Metingen!F5 -> 0.025 | E5: =D5/2 -> 0.0125 | F5: =Metingen!D5 -> 1.267 | G5: =E5/(2*F5) -> 0.0049329124 | H5: =G5/PI()*180 -> 0.28263506 | I5: =Metingen!C5/$A$4 -> 1.0015649 | J5: =$A$16*I5 -> 0.81015855 | K5: =J5*10^(-3) -> 0.00081015855 | L5: =G5/(K5*$A$10) -> 30.444117 | M5: =L5/PI()*180 -> 1744.3194
A6: lengte kwarts (mm) | C6: 5 | D6: =Metingen!E6-Metingen!F6 -> 0.025 | E6: =D6/2 -> 0.0125 | F6: =Metingen!D6 -> 1.262 | G6: =E6/(2*F6) -> 0.0049524564 | H6: =G6/PI()*180 -> 0.28375485 | I6: =Metingen!C6/$A$4 -> 0.77464789 | J6: =$A$16*I6 -> 0.626607 | K6: =J6*10^(-3) -> 0.000626607 | L6: =G6/(K6*$A$10) -> 39.518043 | M6: =L6/PI()*180 -> 2264.2171
A7: 200 | B7: Set 2 | C7: 1 | D7: =Metingen!E7-Metingen!F7 -> 0.018 | E7: =D7/2 -> 0.009 | F7: =Metingen!D7 -> 1.246 | G7: =E7/(2*F7) -> 0.003611557 | H7: =G7/PI()*180 -> 0.20692697 | I7: =Metingen!C7/$A$4 -> 0.90140845 | J7: =$A$16*I7 -> 0.72914269 | K7: =J7*10^(-3) -> 0.00072914269 | L7: =G7/(K7*$A$10) -> 24.765776 | M7: =L7/PI()*180 -> 1418.9745
C8: 2 | D8: =Metingen!E8-Metingen!F8 -> 0.018 | E8: =D8/2 -> 0.009 | F8: =Metingen!D8 -> 1.253 | G8: =E8/(2*F8) -> 0.0035913807 | H8: =G8/PI()*180 -> 0.20577096 | I8: =Metingen!C8/$A$4 -> 0.89827856 | J8: =$A$16*I8 -> 0.72661095 | K8: =J8*10^(-3) -> 0.00072661095 | L8: =G8/(K8*$A$10) -> 24.71323 | M8: =L8/PI()*180 -> 1415.9638
A9: lengte kwarts (m) | C9: 3 | D9: =Metingen!E9-Metingen!F9 -> 0.02 | E9: =D9/2 -> 0.01 | F9: =Metingen!D9 -> 1.245 | G9: =E9/(2*F9) -> 0.0040160643 | H9: =G9/PI()*180 -> 0.23010353 | I9: =Metingen!C9/$A$4 -> 0.90610329 | J9: =$A$16*I9 -> 0.73294031 | K9: =J9*10^(-3) -> 0.00073294031 | L9: =G9/(K9*$A$10) -> 27.396939 | M9: =L9/PI()*180 -> 1569.729
A10: 0.2 | C10: 4 | D10: =Metingen!E10-Metingen!F10 -> 0.02 | E10: =D10/2 -> 0.01 | F10: =Metingen!D10 -> 1.243 | G10: =E10/(2*F10) -> 0.0040225261 | H10: =G10/PI()*180 -> 0.23047377 | I10: =Metingen!C10/$A$4 -> 0.90453834 | J10: =$A$16*I10 -> 0.73167444 | K10: =J10*10^(-3) -> 0.00073167444 | L10: =G10/(K10*$A$10) -> 27.488497 | M10: =L10/PI()*180 -> 1574.9749
C11: 5 | D11: =Metingen!E11-Metingen!F11 -> 0.017 | E11: =D11/2 -> 0.0085 | F11: =Metingen!D11 -> 1.25 | G11: =E11/(2*F11) -> 0.0034 | H11: =G11/PI()*180 -> 0.19480565 | I11: =Metingen!C11/$A$4 -> 0.65571205 | J11: =$A$16*I11 -> 0.53040067 | K11: =J11*10^(-3) -> 0.00053040067 | L11: =G11/(K11*$A$10) -> 32.051241 | M11: =L11/PI()*180 -> 1836.4009
A12: AF(lengte) (mm) | B12: Set 3 | C12: 1 | D12: =Metingen!E12-Metingen!F12 -> 0.021 | E12: =D12/2 -> 0.0105 | F12: =Metingen!D12 -> 1.259 | G12: =E12/(2*F12) -> 0.0041699762 | H12: =G12/PI()*180 -> 0.23892204 | I12: =Metingen!C12/$A$4 -> 1.2097027 | J12: =$A$16*I12 -> 0.97851962 | K12: =J12*10^(-3) -> 0.00097851962 | L12: =G12/(K12*$A$10) -> 21.307576 | M12: =L12/PI()*180 -> 1220.8342
A13: 1 | C13: 2 | D13: =Metingen!E13-Metingen!F13 -> 0.022 | E13: =D13/2 -> 0.011 | F13: =Metingen!D13 -> 1.27 | G13: =E13/(2*F13) -> 0.0043307087 | H13: =G13/PI()*180 -> 0.24813133 | I13: =Metingen!C13/$A$4 -> 1.2065728 | J13: =$A$16*I13 -> 0.97598787 | K13: =J13*10^(-3) -> 0.00097598787 | L13: =G13/(K13*$A$10) -> 22.186283 | M13: =L13/PI()*180 -> 1271.1804
C14: 3 | D14: =Metingen!E14-Metingen!F14 -> 0.023 | E14: =D14/2 -> 0.0115 | F14: =Metingen!D14 -> 1.271 | G14: =E14/(2*F14) -> 0.0045239969 | H14: =G14/PI()*180 -> 0.25920593 | I14: =Metingen!C14/$A$4 -> 1.2065728 | J14: =$A$16*I14 -> 0.97598787 | K14: =J14*10^(-3) -> 0.00097598787 | L14: =G14/(K14*$A$10) -> 23.176501 | M14: =L14/PI()*180 -> 1327.9157
A15: B_referentie (mT) zie interpolatie python | C15: 4 | D15: =Metingen!E15-Metingen!F15 -> 0.029 | E15: =D15/2 -> 0.0145 | F15: =Metingen!D15 -> 1.252 | G15: =E15/(2*F15) -> 0.0057907348 | H15: =G15/PI()*180 -> 0.33178467 | I15: =Metingen!C15/$A$4 -> 1.198748 | J15: =$A$16*I15 -> 0.96965851 | K15: =J15*10^(-3) -> 0.00096965851 | L15: =G15/(K15*$A$10) -> 29.859661 | M15: =L15/PI()*180 -> 1710.8325
A16: =(A19/$A$7)*10^(3) -> 0.80889267 | C16: 5 | D16: =Metingen!E16-Metingen!F16 -> 0.019 | E16: =D16/2 -> 0.0095 | F16: =Metingen!D16 -> 1.279 | G16: =E16/(2*F16) -> 0.0037138389 | H16: =G16/PI()*180 -> 0.2127873 | I16: =Metingen!C16/$A$4 -> 0.54460094 | J16: =$A$16*I16 -> 0.44052371 | K16: =J16*10^(-3) -> 0.00044052371 | L16: =G16/(K16*$A$10) -> 42.152543 | M16: =L16/PI()*180 -> 2415.1628
B17: Set 4 | C17: 1 | D17: =Metingen!E17-Metingen!F17 -> 0.016 | E17: =D17/2 -> 0.008 | F17: =Metingen!D17 -> 1.254 | G17: =E17/(2*F17) -> 0.0031897927 | H17: =G17/PI()*180 -> 0.18276166 | I17: =Metingen!C17/$A$4 -> 0.78247261 | J17: =$A$16*I17 -> 0.63293636 | K17: =J17*10^(-3) -> 0.00063293636 | L17: =G17/(K17*$A$10) -> 25.198368 | M17: =L17/PI()*180 -> 1443.7601
A18: B_referentie door staaf (T*mm) | C18: 2 | D18: =Metingen!E18-Metingen!F18 -> 0.018 | E18: =D18/2 -> 0.009 | F18: =Metingen!D18 -> 1.273 | G18: =E18/(2*F18) -> 0.0035349568 | H18: =G18/PI()*180 -> 0.20253811 | I18: =Metingen!C18/$A$4 -> 0.78403756 | J18: =$A$16*I18 -> 0.63420224 | K18: =J18*10^(-3) -> 0.00063420224 | L18: =G18/(K18*$A$10) -> 27.869318 | M18: =L18/PI()*180 -> 1596.7943
A19: 0.16177853 | C19: 3 | D19: =Metingen!E19-Metingen!F19 -> 0.019 | E19: =D19/2 -> 0.0095 | F19: =Metingen!D19 -> 1.273 | G19: =E19/(2*F19) -> 0.0037313433 | H19: =G19/PI()*180 -> 0.21379022 | I19: =Metingen!C19/$A$4 -> 0.78247261 | J19: =$A$16*I19 -> 0.63293636 | K19: =J19*10^(-3) -> 0.00063293636 | L19: =G19/(K19*$A$10) -> 29.476449 | M19: =L19/PI()*180 -> 1688.8761
C20: 4 | D20: =Metingen!E20-Metingen!F20 -> 0.019 | E20: =D20/2 -> 0.0095 | F20: =Metingen!D20 -> 1.275 | G20: =E20/(2*F20) -> 0.0037254902 | H20: =G20/PI()*180 -> 0.21345486 | I20: =Metingen!C20/$A$4 -> 0.78247261 | J20: =$A$16*I20 -> 0.63293636 | K20: =J20*10^(-3) -> 0.00063293636 | L20: =G20/(K20*$A$10) -> 29.430211 | M20: =L20/PI()*180 -> 1686.2269
A21: B_veld door staaf (T*m) | C21: 5 | D21: =Metingen!E21-Metingen!F21 -> 0.013 | E21: =D21/2 -> 0.0065 | F21: =Metingen!D21 -> 1.273 | G21: =E21/(2*F21) -> 0.0025530244 | H21: =G21/PI()*180 -> 0.14627752 | I21: =Metingen!C21/$A$4 -> 0.4084507 | J21: =$A$16*I21 -> 0.33039278 | K21: =J21*10^(-3) -> 0.00033039278 | L21: =G21/(K21*$A$10) -> 38.6362 | M21: =L21/PI()*180 -> 2213.6912
A22: =$A$19*(10^(-3)) -> 0.00016177853 | B22: Set 5 | C22: 1 | D22: =Metingen!E22-Metingen!F22 -> 0.012 | E22: =D22/2 -> 0.006 | F22: =Metingen!D22 -> 1.251 | G22: =E22/(2*F22) -> 0.0023980815 | H22: =G22/PI()*180 -> 0.13739995 | I22: =Metingen!C22/$A$4 -> 0.47730829 | J22: =$A$16*I22 -> 0.38609118 | K22: =J22*10^(-3) -> 0.00038609118 | L22: =G22/(K22*$A$10) -> 31.055896 | M22: =L22/PI()*180 -> 1779.3718
C23: 2 | D23: =Metingen!E23-Metingen!F23 -> 0.013 | E23: =D23/2 -> 0.0065 | F23: =Metingen!D23 -> 1.259 | G23: =E23/(2*F23) -> 0.0025814138 | H23: =G23/PI()*180 -> 0.14790412 | I23: =Metingen!C23/$A$4 -> 0.4741784 | J23: =$A$16*I23 -> 0.38355944 | K23: =J23*10^(-3) -> 0.00038355944 | L23: =G23/(K23*$A$10) -> 33.650767 | M23: =L23/PI()*180 -> 1928.0469
A24: Golflengte laser (nm) | C24: 3 | D24: =Metingen!E24-Metingen!F24 -> 0.011 | E24: =D24/2 -> 0.0055 | F24: =Metingen!D24 -> 1.275 | G24: =E24/(2*F24) -> 0.0021568627 | H24: =G24/PI()*180 -> 0.12357913 | I24: =Metingen!C24/$A$4 -> 0.46948357 | J24: =$A$16*I24 -> 0.37976182 | K24: =J24*10^(-3) -> 0.00037976182 | L24: =G24/(K24*$A$10) -> 28.397572 | M24: =L24/PI()*180 -> 1627.061
A25: 635 | C25: 4 | D25: =Metingen!E25-Metingen!F25 -> 0.012 | E25: =D25/2 -> 0.006 | F25: =Metingen!D25 -> 1.265 | G25: =E25/(2*F25) -> 0.0023715415 | H25: =G25/PI()*180 -> 0.13587932 | I25: =Metingen!C25/$A$4 -> 0.46948357 | J25: =$A$16*I25 -> 0.37976182 | K25: =J25*10^(-3) -> 0.00037976182 | L25: =G25/(K25*$A$10) -> 31.224064 | M25: =L25/PI()*180 -> 1789.0071
C26: 5 | D26: =Metingen!E26-Metingen!F26 -> 0.011 | E26: =D26/2 -> 0.0055 | F26: =Metingen!D26 -> 1.251 | G26: =E26/(2*F26) -> 0.0021982414 | H26: =G26/PI()*180 -> 0.12594995 | I26: =Metingen!C26/$A$4 -> 0.31298905 | J26: =$A$16*I26 -> 0.25317455 | K26: =J26*10^(-3) -> 0.00025317455 | L26: =G26/(K26*$A$10) -> 43.413555 | M26: =L26/PI()*180 -> 2487.4135

Sheet Verwerking_2
A1: Constantes: | C1: Meting: | D1: C² 1 | E1: AF | F1: C²2 | G1: AF | H1: theta1 | I1: AF | J1: theta2 | K1: AF | L1: dtheta | M1: AF (dtheta) | N1: schalingsfactor: I/(I_ref) | O1: B_spoel (mT) | P1: AF_B (mt) | Q1: Verdet (rad/(T * mm)) | R1: AF_Verdet | S1: RF_Verdet | T1: Foutpercentage
B2: Set 1 | C2: 1 | D2: =Metingen!F2 / Metingen!G2 -> 0.49602228 | E2: =D2 * $A$28 * ( 1 / Metingen!F2+ 1 / Metingen!G2) -> 0.00059507648 | F2: =Metingen!E2 / Metingen!G2 -> 0.50278441 | G2: =F2 * $A$28 * (1 / Metingen!E2 + 1 / Metingen!G2) -> 0.00059776627 | H2: =ACOS(SQRT(D2)) -> 0.78937593 | I2: =E2 / SIN(2 * H2) -> 0.00059509531 | J2: =ACOS(SQRT(F2)) -> 0.78261374 | K2: =G2 / SIN(2 * J2) -> 0.00059777554 | L2: =(H2 - J2) / 2 -> 0.0033810942 | M2: =I2 + K2 -> 0.0011928709 | N2: =Metingen!C2/$A$4 -> 1.0031299 | O2: =$A$16*N2 -> 0.81142442 | P2: 0.001 | Q2: =L2 / (A$19 * N2) -> 0.020834314 | R2: =Q2*((M2/L2)+(P2/O2)+($A$13/$A$7)) -> 0.007480322 | S2: =R2/Q2 -> 0.35903856 | T2: =S2*100 -> 35.903856
A3: I_referentie (mA) | C3: 2 | D3: =Metingen!F3 / Metingen!G3 -> 0.49503377 | E3: =D3 * $A$28 * ( 1 / Metingen!F3+ 1 / Metingen!G3) -> 0.00059397448 | F3: =Metingen!E3 / Metingen!G3 -> 0.50297974 | G3: =F3 * $A$28 * (1 / Metingen!E3 + 1 / Metingen!G3) -> 0.0005971314 | H3: =ACOS(SQRT(D3)) -> 0.79036447 | I3: =E3 / SIN(2 * H3) -> 0.00059400378 | J3: =ACOS(SQRT(F3)) -> 0.78241841 | K3: =G3 / SIN(2 * J3) -> 0.00059714201 | L3: =(H3 - J3) / 2 -> 0.0039730334 | M3: =I3 + K3 -> 0.0011911458 | N3: =Metingen!C3/$A$4 -> 1.0125196 | O3: =$A$16*N3 -> 0.81901965 | P3: 0.001 | Q3: =L3 / (A$19 * N3) -> 0.024254811 | R3: =Q3*((M3/L3)+(P3/O3)+($A$13/$A$7)) -> 0.0074226663 | S3: =R3/Q3 -> 0.30602862 | T3: =S3*100 -> 30.602862
A4: 63.9 | C4: 3 | D4: =Metingen!F4 / Metingen!G4 -> 0.49245433 | E4: =D4 * $A$28 * ( 1 / Metingen!F4+ 1 / Metingen!G4) -> 0.00059271419 | F4: =Metingen!E4 / Metingen!G4 -> 0.50039714 | G4: =F4 * $A$28 * (1 / Metingen!E4 + 1 / Metingen!G4) -> 0.0005958686 | H4: =ACOS(SQRT(D4)) -> 0.79294412 | I4: =E4 / SIN(2 * H4) -> 0.0005927817 | J4: =ACOS(SQRT(F4)) -> 0.78500102 | K4: =G4 / SIN(2 * J4) -> 0.00059586879 | L4: =(H4 - J4) / 2 -> 0.0039715491 | M4: =I4 + K4 -> 0.0011886505 | N4: =Metingen!C4/$A$4 -> 1.0031299 | O4: =$A$16*N4 -> 0.81142442 | P4: 0.001 | Q4: =L4 / (A$19 * N4) -> 0.024472699 | R4: =Q4*((M4/L4)+(P4/O4)+($A$13/$A$7)) -> 0.007476992 | S4: =R4/Q4 -> 0.3055238 | T4: =S4*100 -> 30.55238
C5: 4 | D5: =Metingen!F5 / Metingen!G5 -> 0.49781659 | E5: =D5 * $A$28 * ( 1 / Metingen!F5+ 1 / Metingen!G5) -> 0.00059460762 | F5: =Metingen!E5 / Metingen!G5 -> 0.50774117 | G5: =F5 * $A$28 * (1 / Metingen!E5 + 1 / Metingen!G5) -> 0.00059854751 | H5: =ACOS(SQRT(D5)) -> 0.78758158 | I5: =E5 / SIN(2 * H5) -> 0.00059461329 | J5: =ACOS(SQRT(F5)) -> 0.77765669 | K5: =G5 / SIN(2 * J5) -> 0.00059861926 | L5: =(H5 - J5) / 2 -> 0.0049624447 | M5: =I5 + K5 -> 0.0011932325 | N5: =Metingen!C5/$A$4 -> 1.0015649 | O5: =$A$16*N5 -> 0.81015855 | P5: 0.001 | Q5: =L5 / (A$19 * N5) -> 0.03062638 | R5: =Q5*((M5/L5)+(P5/O5)+($A$13/$A$7)) -> 0.0075551264 | S5: =R5/Q5 -> 0.24668689 | T5: =S5*100 -> 24.668689
A6: lengte kwarts (mm) | C6: 5 | D6: =Metingen!F6 / Metingen!G6 -> 0.49484127 | E6: =D6 * $A$28 * ( 1 / Metingen!F6+ 1 / Metingen!G6) -> 0.00059319098 | F6: =Metingen!E6 / Metingen!G6 -> 0.5047619 | G6: =F6 * $A$28 * (1 / Metingen!E6 + 1 / Metingen!G6) -> 0.00059712774 | H6: =ACOS(SQRT(D6)) -> 0.79055699 | I6: =E6 / SIN(2 * H6) -> 0.00059322256 | J6: =ACOS(SQRT(F6)) -> 0.78063619 | K6: =G6 / SIN(2 * J6) -> 0.00059715482 | L6: =(H6 - J6) / 2 -> 0.0049603992 | M6: =I6 + K6 -> 0.0011903774 | N6: =Metingen!C6/$A$4 -> 0.77464789 | O6: =$A$16*N6 -> 0.626607 | P6: 0.001 | Q6: =L6 / (A$19 * N6) -> 0.039581422 | R6: =Q6*((M6/L6)+(P6/O6)+($A$13/$A$7)) -> 0.0097596712 | S6: =R6/Q6 -> 0.24657202 | T6: =S6*100 -> 24.657202
A7: 200 | B7: Set 2 | C7: 1 | D7: =Metingen!F7 / Metingen!G7 -> 0.49244232 | E7: =D7 * $A$28 * ( 1 / Metingen!F7+ 1 / Metingen!G7) -> 0.00059365248 | F7: =Metingen!E7 / Metingen!G7 -> 0.49960223 | G7: =F7 * $A$28 * (1 / Metingen!E7 + 1 / Metingen!G7) -> 0.00059650049 | H7: =ACOS(SQRT(D7)) -> 0.79295613 | I7: =E7 / SIN(2 * H7) -> 0.0005937203 | J7: =ACOS(SQRT(F7)) -> 0.78579594 | K7: =G7 / SIN(2 * J7) -> 0.00059650068 | L7: =(H7 - J7) / 2 -> 0.0035800962 | M7: =I7 + K7 -> 0.001190221 | N7: =Metingen!C7/$A$4 -> 0.90140845 | O7: =$A$16*N7 -> 0.72914269 | P7: 0.001 | Q7: =L7 / (A$19 * N7) -> 0.024550038 | R7: =Q7*((M7/L7)+(P7/O7)+($A$13/$A$7)) -> 0.0083182036 | S7: =R7/Q7 -> 0.33882651 | T7: =S7*100 -> 33.882651
C8: 2 | D8: =Metingen!F8 / Metingen!G8 -> 0.49482896 | E8: =D8 * $A$28 * ( 1 / Metingen!F8+ 1 / Metingen!G8) -> 0.00059460181 | F8: =Metingen!E8 / Metingen!G8 -> 0.50198886 | G8: =F8 * $A$28 * (1 / Metingen!E8 + 1 / Metingen!G8) -> 0.00059744983 | H8: =ACOS(SQRT(D8)) -> 0.7905693 | I8: =E8 / SIN(2 * H8) -> 0.00059463361 | J8: =ACOS(SQRT(F8)) -> 0.7834093 | K8: =G8 / SIN(2 * J8) -> 0.00059745455 | L8: =(H8 - J8) / 2 -> 0.003580001 | M8: =I8 + K8 -> 0.0011920882 | N8: =Metingen!C8/$A$4 -> 0.89827856 | O8: =$A$16*N8 -> 0.72661095 | P8: 0.001 | Q8: =L8 / (A$19 * N8) -> 0.024634923 | R8: =Q8*((M8/L8)+(P8/O8)+($A$13/$A$7)) -> 0.008360149 | S8: =R8/Q8 -> 0.33936168 | T8: =S8*100 -> 33.936168
A9: lengte kwarts (m) | C9: 3 | D9: =Metingen!F9 / Metingen!G9 -> 0.49085123 | E9: =D9 * $A$28 * ( 1 / Metingen!F9+ 1 / Metingen!G9) -> 0.00059301958 | F9: =Metingen!E9 / Metingen!G9 -> 0.49880668 | G9: =F9 * $A$28 * (1 / Metingen!E9 + 1 / Metingen!G9) -> 0.00059618404 | H9: =ACOS(SQRT(D9)) -> 0.79454744 | I9: =E9 / SIN(2 * H9) -> 0.00059311888 | J9: =ACOS(SQRT(F9)) -> 0.78659148 | K9: =G9 / SIN(2 * J9) -> 0.00059618574 | L9: =(H9 - J9) / 2 -> 0.0039779795 | M9: =I9 + K9 -> 0.0011893046 | N9: =Metingen!C9/$A$4 -> 0.90610329 | O9: =$A$16*N9 -> 0.73294031 | P9: 0.001 | Q9: =L9 / (A$19 * N9) -> 0.027137131 | R9: =Q9*((M9/L9)+(P9/O9)+($A$13/$A$7)) -> 0.008285954 | S9: =R9/Q9 -> 0.3053364 | T9: =S9*100 -> 30.53364
A10: 0.2 | C10: 4 | D10: =Metingen!F10 / Metingen!G10 -> 0.49045346 | E10: =D10 * $A$28 * ( 1 / Metingen!F10+ 1 / Metingen!G10) -> 0.00059286136 | F10: =Metingen!E10 / Metingen!G10 -> 0.49840891 | G10: =F10 * $A$28 * (1 / Metingen!E10 + 1 / Metingen!G10) -> 0.00059602582 | H10: =ACOS(SQRT(D10)) -> 0.79494528 | I10: =E10 / SIN(2 * H10) -> 0.00059296945 | J10: =ACOS(SQRT(F10)) -> 0.78698926 | K10: =G10 / SIN(2 * J10) -> 0.00059602884 | L10: =(H10 - J10) / 2 -> 0.0039780135 | M10: =I10 + K10 -> 0.0011889983 | N10: =Metingen!C10/$A$4 -> 0.90453834 | O10: =$A$16*N10 -> 0.73167444 | P10: 0.001 | Q10: =L10 / (A$19 * N10) -> 0.027184314 | R10: =Q10*((M10/L10)+(P10/O10)+($A$13/$A$7)) -> 0.0082982619 | S10: =R10/Q10 -> 0.3052592 | T10: =S10*100 -> 30.52592
C11: 5 | D11: =Metingen!F11 / Metingen!G11 -> 0.49443119 | E11: =D11 * $A$28 * ( 1 / Metingen!F11+ 1 / Metingen!G11) -> 0.00059444359 | F11: =Metingen!E11 / Metingen!G11 -> 0.50119332 | G11: =F11 * $A$28 * (1 / Metingen!E11 + 1 / Metingen!G11) -> 0.00059713338 | H11: =ACOS(SQRT(D11)) -> 0.79096709 | I11: =E11 / SIN(2 * H11) -> 0.00059448046 | J11: =ACOS(SQRT(F11)) -> 0.78420484 | K11: =G11 / SIN(2 * J11) -> 0.00059713508 | L11: =(H11 - J11) / 2 -> 0.0033811242 | M11: =I11 + K11 -> 0.0011916155 | N11: =Metingen!C11/$A$4 -> 0.65571205 | O11: =$A$16*N11 -> 0.53040067 | P11: 0.001 | Q11: =L11 / (A$19 * N11) -> 0.031873302 | R11: =Q11*((M11/L11)+(P11/O11)+($A$13/$A$7)) -> 0.011452623 | S11: =R11/Q11 -> 0.35931713 | T11: =S11*100 -> 35.931713
A12: AF(lengte) (mm) | B12: Set 3 | C12: 1 | D12: =Metingen!F12 / Metingen!G12 -> 0.49721559 | E12: =D12 * $A$28 * ( 1 / Metingen!F12+ 1 / Metingen!G12) -> 0.00059555115 | F12: =Metingen!E12 / Metingen!G12 -> 0.50556881 | G12: =F12 * $A$28 * (1 / Metingen!E12 + 1 / Metingen!G12) -> 0.00059887383 | H12: =ACOS(SQRT(D12)) -> 0.78818259 | I12: =E12 / SIN(2 * H12) -> 0.00059556039 | J12: =ACOS(SQRT(F12)) -> 0.77982923 | K12: =G12 / SIN(2 * J12) -> 0.00059891098 | L12: =(H12 - J12) / 2 -> 0.0041766757 | M12: =I12 + K12 -> 0.0011944714 | N12: =Metingen!C12/$A$4 -> 1.2097027 | O12: =$A$16*N12 -> 0.97851962 | P12: 0.001 | Q12: =L12 / (A$19 * N12) -> 0.021341809 | R12: =Q12*((M12/L12)+(P12/O12)+($A$13/$A$7)) -> 0.0062319809 | S12: =R12/Q12 -> 0.29200809 | T12: =S12*100 -> 29.200809
A13: 1 | C13: 2 | D13: =Metingen!F13 / Metingen!G13 -> 0.50079554 | E13: =D13 * $A$28 * ( 1 / Metingen!F13+ 1 / Metingen!G13) -> 0.00059697516 | F13: =Metingen!E13 / Metingen!G13 -> 0.50954654 | G13: =F13 * $A$28 * (1 / Metingen!E13 + 1 / Metingen!G13) -> 0.00060045606 | H13: =ACOS(SQRT(D13)) -> 0.78460262 | I13: =E13 / SIN(2 * H13) -> 0.00059697591 | J13: =ACOS(SQRT(F13)) -> 0.77585104 | K13: =G13 / SIN(2 * J13) -> 0.00060056554 | L13: =(H13 - J13) / 2 -> 0.0043757871 | M13: =I13 + K13 -> 0.0011975415 | N13: =Metingen!C13/$A$4 -> 1.2065728 | O13: =$A$16*N13 -> 0.97598787 | P13: 0.001 | Q13: =L13 / (A$19 * N13) -> 0.022417221 | R13: =Q13*((M13/L13)+(P13/O13)+($A$13/$A$7)) -> 0.006270077 | S13: =R13/Q13 -> 0.27969913 | T13: =S13*100 -> 27.969913
C14: 3 | D14: =Metingen!F14 / Metingen!G14 -> 0.50119332 | E14: =D14 * $A$28 * ( 1 / Metingen!F14+ 1 / Metingen!G14) -> 0.00059713338 | F14: =Metingen!E14 / Metingen!G14 -> 0.51034208 | G14: =F14 * $A$28 * (1 / Metingen!E14 + 1 / Metingen!G14) -> 0.00060077251 | H14: =ACOS(SQRT(D14)) -> 0.78420484 | I14: =E14 / SIN(2 * H14) -> 0.00059713508 | J14: =ACOS(SQRT(F14)) -> 0.77505534 | K14: =G14 / SIN(2 * J14) -> 0.00060090106 | L14: =(H14 - J14) / 2 -> 0.0045747517 | M14: =I14 + K14 -> 0.0011980361 | N14: =Metingen!C14/$A$4 -> 1.2065728 | O14: =$A$16*N14 -> 0.97598787 | P14: 0.001 | Q14: =L14 / (A$19 * N14) -> 0.023436519 | R14: =Q14*((M14/L14)+(P14/O14)+($A$13/$A$7)) -> 0.0062787522 | S14: =R14/Q14 -> 0.26790464 | T14: =S14*100 -> 26.790464
A15: B_referentie (mT) zie interpolatie python | C15: 4 | D15: =Metingen!F15 / Metingen!G15 -> 0.49363564 | E15: =D15 * $A$28 * ( 1 / Metingen!F15+ 1 / Metingen!G15) -> 0.00059412714 | F15: =Metingen!E15 / Metingen!G15 -> 0.50517104 | G15: =F15 * $A$28 * (1 / Metingen!E15 + 1 / Metingen!G15) -> 0.00059871561 | H15: =ACOS(SQRT(D15)) -> 0.79176269 | I15: =E15 / SIN(2 * H15) -> 0.00059417528 | J15: =ACOS(SQRT(F15)) -> 0.78022703 | K15: =G15 / SIN(2 * J15) -> 0.00059874763 | L15: =(H15 - J15) / 2 -> 0.0057678329 | M15: =I15 + K15 -> 0.0011929229 | N15: =Metingen!C15/$A$4 -> 1.198748 | O15: =$A$16*N15 -> 0.96965851 | P15: 0.001 | Q15: =L15 / (A$19 * N15) -> 0.029741568 | R15: =Q15*((M15/L15)+(P15/O15)+($A$13/$A$7)) -> 0.0063306328 | S15: =R15/Q15 -> 0.21285471 | T15: =S15*100 -> 21.285471
A16: =(A19/$A$7)*10^(3) -> 0.80889267 | C16: 5 | D16: =Metingen!F16 / Metingen!G16 -> 0.50556881 | E16: =D16 * $A$28 * ( 1 / Metingen!F16+ 1 / Metingen!G16) -> 0.00059887383 | F16: =Metingen!E16 / Metingen!G16 -> 0.51312649 | G16: =F16 * $A$28 * (1 / Metingen!E16 + 1 / Metingen!G16) -> 0.00060188007 | H16: =ACOS(SQRT(D16)) -> 0.77982923 | I16: =E16 / SIN(2 * H16) -> 0.00059891098 | J16: =ACOS(SQRT(F16)) -> 0.77227016 | K16: =G16 / SIN(2 * J16) -> 0.00060208759 | L16: =(H16 - J16) / 2 -> 0.0037795351 | M16: =I16 + K16 -> 0.0012009986 | N16: =Metingen!C16/$A$4 -> 0.54460094 | O16: =$A$16*N16 -> 0.44052371 | P16: 0.001 | Q16: =L16 / (A$19 * N16) -> 0.042898203 | R16: =Q16*((M16/L16)+(P16/O16)+($A$13/$A$7)) -> 0.013943357 | S16: =R16/Q16 -> 0.3250336 | T16: =S16*100 -> 32.50336
B17: Set 4 | C17: 1 | D17: =Metingen!F17 / Metingen!G17 -> 0.49642005 | E17: =D17 * $A$28 * ( 1 / Metingen!F17+ 1 / Metingen!G17) -> 0.0005952347 | F17: =Metingen!E17 / Metingen!G17 -> 0.50278441 | G17: =F17 * $A$28 * (1 / Metingen!E17 + 1 / Metingen!G17) -> 0.00059776627 | H17: =ACOS(SQRT(D17)) -> 0.78897815 | I17: =E17 / SIN(2 * H17) -> 0.00059524996 | J17: =ACOS(SQRT(F17)) -> 0.78261374 | K17: =G17 / SIN(2 * J17) -> 0.00059777554 | L17: =(H17 - J17) / 2 -> 0.0031822023 | M17: =I17 + K17 -> 0.0011930255 | N17: =Metingen!C17/$A$4 -> 0.78247261 | O17: =$A$16*N17 -> 0.63293636 | P17: 0.001 | Q17: =L17 / (A$19 * N17) -> 0.025138406 | R17: =Q17*((M17/L17)+(P17/O17)+($A$13/$A$7)) -> 0.0095899388 | S17: =R17/Q17 -> 0.38148555 | T17: =S17*100 -> 38.148555
A18: B_referentie door staaf (T*mm) | C18: 2 | D18: =Metingen!F18 / Metingen!G18 -> 0.50238663 | E18: =D18 * $A$28 * ( 1 / Metingen!F18+ 1 / Metingen!G18) -> 0.00059760805 | F18: =Metingen!E18 / Metingen!G18 -> 0.50954654 | G18: =F18 * $A$28 * (1 / Metingen!E18 + 1 / Metingen!G18) -> 0.00060045606 | H18: =ACOS(SQRT(D18)) -> 0.78301152 | I18: =E18 / SIN(2 * H18) -> 0.00059761486 | J18: =ACOS(SQRT(F18)) -> 0.77585104 | K18: =G18 / SIN(2 * J18) -> 0.00060056554 | L18: =(H18 - J18) / 2 -> 0.0035802378 | M18: =I18 + K18 -> 0.0011981804 | N18: =Metingen!C18/$A$4 -> 0.78403756 | O18: =$A$16*N18 -> 0.63420224 | P18: 0.001 | Q18: =L18 / (A$19 * N18) -> 0.02822631 | R18: =Q18*((M18/L18)+(P18/O18)+($A$13/$A$7)) -> 0.0096319973 | S18: =R18/Q18 -> 0.34124182 | T18: =S18*100 -> 34.124182
A19: 0.16177853 | C19: 3 | D19: =Metingen!F19 / Metingen!G19 -> 0.50238663 | E19: =D19 * $A$28 * ( 1 / Metingen!F19+ 1 / Metingen!G19) -> 0.00059760805 | F19: =Metingen!E19 / Metingen!G19 -> 0.50994431 | G19: =F19 * $A$28 * (1 / Metingen!E19 + 1 / Metingen!G19) -> 0.00060061428 | H19: =ACOS(SQRT(D19)) -> 0.78301152 | I19: =E19 / SIN(2 * H19) -> 0.00059761486 | J19: =ACOS(SQRT(F19)) -> 0.7754532 | K19: =G19 / SIN(2 * J19) -> 0.00060073311 | L19: =(H19 - J19) / 2 -> 0.0037791618 | M19: =I19 + K19 -> 0.001198348 | N19: =Metingen!C19/$A$4 -> 0.78247261 | O19: =$A$16*N19 -> 0.63293636 | P19: 0.001 | Q19: =L19 / (A$19 * N19) -> 0.029854201 | R19: =Q19*((M19/L19)+(P19/O19)+($A$13/$A$7)) -> 0.0096630142 | S19: =R19/Q19 -> 0.32367352 | T19: =S19*100 -> 32.367352
C20: 4 | D20: =Metingen!F20 / Metingen!G20 -> 0.50397772 | E20: =D20 * $A$28 * ( 1 / Metingen!F20+ 1 / Metingen!G20) -> 0.00059824094 | F20: =Metingen!E20 / Metingen!G20 -> 0.5115354 | G20: =F20 * $A$28 * (1 / Metingen!E20 + 1 / Metingen!G20) -> 0.00060124718 | H20: =ACOS(SQRT(D20)) -> 0.7814204 | I20: =E20 / SIN(2 * H20) -> 0.00059825987 | J20: =ACOS(SQRT(F20)) -> 0.77386174 | K20: =G20 / SIN(2 * J20) -> 0.00060140725 | L20: =(H20 - J20) / 2 -> 0.0037793293 | M20: =I20 + K20 -> 0.0011996671 | N20: =Metingen!C20/$A$4 -> 0.78247261 | O20: =$A$16*N20 -> 0.63293636 | P20: 0.001 | Q20: =L20 / (A$19 * N20) -> 0.029855524 | R20: =Q20*((M20/L20)+(P20/O20)+($A$13/$A$7)) -> 0.0096734438 | S20: =R20/Q20 -> 0.32400851 | T20: =S20*100 -> 32.400851
A21: B_veld door staaf (T*m) | C21: 5 | D21: =Metingen!F21 / Metingen!G21 -> 0.50397772 | E21: =D21 * $A$28 * ( 1 / Metingen!F21+ 1 / Metingen!G21) -> 0.00059824094 | F21: =Metingen!E21 / Metingen!G21 -> 0.50914877 | G21: =F21 * $A$28 * (1 / Metingen!E21 + 1 / Metingen!G21) -> 0.00060029784 | H21: =ACOS(SQRT(D21)) -> 0.7814204 | I21: =E21 / SIN(2 * H21) -> 0.00059825987 | J21: =ACOS(SQRT(F21)) -> 0.77624889 | K21: =G21 / SIN(2 * J21) -> 0.00060039835 | L21: =(H21 - J21) / 2 -> 0.0025857554 | M21: =I21 + K21 -> 0.0011986582 | N21: =Metingen!C21/$A$4 -> 0.4084507 | O21: =$A$16*N21 -> 0.33039278 | P21: 0.001 | Q21: =L21 / (A$19 * N21) -> 0.039131536 | R21: =Q21*((M21/L21)+(P21/O21)+($A$13/$A$7)) -> 0.018453994 | S21: =R21/Q21 -> 0.47158881 | T21: =S21*100 -> 47.158881
A22: =$A$19*(10^(-3)) -> 0.00016177853 | B22: Set 5 | C22: 1 | D22: =Metingen!F22 / Metingen!G22 -> 0.49522673 | E22: =D22 * $A$28 * ( 1 / Metingen!F22+ 1 / Metingen!G22) -> 0.00059476004 | F22: =Metingen!E22 / Metingen!G22 -> 0.5 | G22: =F22 * $A$28 * (1 / Metingen!E22 + 1 / Metingen!G22) -> 0.00059665871 | H22: =ACOS(SQRT(D22)) -> 0.79017151 | I22: =E22 / SIN(2 * H22) -> 0.00059478714 | J22: =ACOS(SQRT(F22)) -> 0.78539816 | K22: =G22 / SIN(2 * J22) -> 0.00059665871 | L22: =(H22 - J22) / 2 -> 0.0023866711 | M22: =I22 + K22 -> 0.0011914459 | N22: =Metingen!C22/$A$4 -> 0.47730829 | O22: =$A$16*N22 -> 0.38609118 | P22: 0.001 | Q22: =L22 / (A$19 * N22) -> 0.030908128 | R22: =Q22*((M22/L22)+(P22/O22)+($A$13/$A$7)) -> 0.015664186 | S22: =R22/Q22 -> 0.50679829 | T22: =S22*100 -> 50.679829
C23: 2 | D23: =Metingen!F23 / Metingen!G23 -> 0.49840891 | E23: =D23 * $A$28 * ( 1 / Metingen!F23+ 1 / Metingen!G23) -> 0.00059602582 | F23: =Metingen!E23 / Metingen!G23 -> 0.50357995 | G23: =F23 * $A$28 * (1 / Metingen!E23 + 1 / Metingen!G23) -> 0.00059808272 | H23: =ACOS(SQRT(D23)) -> 0.78698926 | I23: =E23 / SIN(2 * H23) -> 0.00059602884 | J23: =ACOS(SQRT(F23)) -> 0.78181818 | K23: =G23 / SIN(2 * J23) -> 0.00059809805 | L23: =(H23 - J23) / 2 -> 0.0025855377 | M23: =I23 + K23 -> 0.0011941269 | N23: =Metingen!C23/$A$4 -> 0.4741784 | O23: =$A$16*N23 -> 0.38355944 | P23: 0.001 | Q23: =L23 / (A$19 * N23) -> 0.033704525 | R23: =Q23*((M23/L23)+(P23/O23)+($A$13/$A$7)) -> 0.015822782 | S23: =R23/Q23 -> 0.46945572 | T23: =S23*100 -> 46.945572
A24: Golflengte laser (nm) | C24: 3 | D24: =Metingen!F24 / Metingen!G24 -> 0.50517104 | E24: =D24 * $A$28 * ( 1 / Metingen!F24+ 1 / Metingen!G24) -> 0.00059871561 | F24: =Metingen!E24 / Metingen!G24 -> 0.50954654 | G24: =F24 * $A$28 * (1 / Metingen!E24 + 1 / Metingen!G24) -> 0.00060045606 | H24: =ACOS(SQRT(D24)) -> 0.78022703 | I24: =E24 / SIN(2 * H24) -> 0.00059874763 | J24: =ACOS(SQRT(F24)) -> 0.77585104 | K24: =G24 / SIN(2 * J24) -> 0.00060056554 | L24: =(H24 - J24) / 2 -> 0.0021879926 | M24: =I24 + K24 -> 0.0011993132 | N24: =Metingen!C24/$A$4 -> 0.46948357 | O24: =$A$16*N24 -> 0.37976182 | P24: 0.001 | Q24: =L24 / (A$19 * N24) -> 0.028807432 | R24: =Q24*((M24/L24)+(P24/O24)+($A$13/$A$7)) -> 0.016010227 | S24: =R24/Q24 -> 0.55576725 | T24: =S24*100 -> 55.576725
A25: 635 | C25: 4 | D25: =Metingen!F25 / Metingen!G25 -> 0.50119332 | E25: =D25 * $A$28 * ( 1 / Metingen!F25+ 1 / Metingen!G25) -> 0.00059713338 | F25: =Metingen!E25 / Metingen!G25 -> 0.50596659 | G25: =F25 * $A$28 * (1 / Metingen!E25 + 1 / Metingen!G25) -> 0.00059903206 | H25: =ACOS(SQRT(D25)) -> 0.78420484 | I25: =E25 / SIN(2 * H25) -> 0.00059713508 | J25: =ACOS(SQRT(F25)) -> 0.77943143 | K25: =G25 / SIN(2 * J25) -> 0.00059907471 | L25: =(H25 - J25) / 2 -> 0.0023867051 | M25: =I25 + K25 -> 0.0011962098 | N25: =Metingen!C25/$A$4 -> 0.46948357 | O25: =$A$16*N25 -> 0.37976182 | P25: 0.001 | Q25: =L25 / (A$19 * N25) -> 0.03142371 | R25: =Q25*((M25/L25)+(P25/O25)+($A$13/$A$7)) -> 0.015989339 | S25: =R25/Q25 -> 0.50883038 | T25: =S25*100 -> 50.883038
C26: 5 | D26: =Metingen!F26 / Metingen!G26 -> 0.49482896 | E26: =D26 * $A$28 * ( 1 / Metingen!F26+ 1 / Metingen!G26) -> 0.00059460181 | F26: =Metingen!E26 / Metingen!G26 -> 0.49920446 | G26: =F26 * $A$28 * (1 / Metingen!E26 + 1 / Metingen!G26) -> 0.00059634227 | H26: =ACOS(SQRT(D26)) -> 0.7905693 | I26: =E26 / SIN(2 * H26) -> 0.00059463361 | J26: =ACOS(SQRT(F26)) -> 0.78619371 | K26: =G26 / SIN(2 * J26) -> 0.00059634302 | L26: =(H26 - J26) / 2 -> 0.0021877945 | M26: =I26 + K26 -> 0.0011909766 | N26: =Metingen!C26/$A$4 -> 0.31298905 | O26: =$A$16*N26 -> 0.25317455 | P26: 0.001 | Q26: =L26 / (A$19 * N26) -> 0.043207237 | R26: =Q26*((M26/L26)+(P26/O26)+($A$13/$A$7)) -> 0.023907559 | S26: =R26/Q26 -> 0.55332301 | T26: =S26*100 -> 55.332301
A27: AF voltages (gok)
A28: 0.001
